Taxa,PHT,P95
NC356,1.72384847757974,1.15390965638119
Tx740,1.68588719332229,1.09108924116786
Y346,1.74663637263032,1.08842002416776
Y347,1.60335380231024,1.06416897486527
Y348,1.76041063072604,1.04436159201557
Y349,1.46599650926274,0.989833102837297
Y351,1.55830878314807,1.03681832340513
Y352,1.68575231199263,1.11493166641622
Y353,1.73034576967174,1.20919572176174
Y354,1.36534848830189,0.794464473989684
Y355,1.54090841043918,1.02463850182251
Y356,1.55125263323738,0.98159540757459
Y357,1.62116729057326,1.0366685375965
Y359,1.59004665791753,1.05818099497619
Y360,1.66838404415359,1.16668058036376
Y361,1.74795794132287,1.08207673071336
Y362,1.51930405098474,1.03810051724287
Y363,1.64402420257178,1.07294600557685
Y364,1.46035234499984,0.95689581689953
Y365,1.8763357614713,1.35072980983367
Y366,1.79732157249736,1.06773094724027
Y367,1.61193206889418,0.932590891529113
Y368,1.71373020368399,1.18338756184998
Y369,1.61394289693658,0.965471560192921
Y370,1.58922392165575,1.11028132640749
Y371,1.70072784531177,1.15154166202933
Y372,1.87098582564807,1.17535583472475
Y373,1.64596297172627,1.14143071134787
Y374,1.43812757704003,0.860183777261292
Y375,1.667576445418,1.08747575545281
Y376,1.64591157803231,1.15568873908154
Y377,1.76287992583702,1.08036384711262
Y378,1.6332566930498,1.09152733032641
Y379,1.73392898545433,1.16558924146754
Y380,1.74166427787947,1.13063932292207
Y381,1.64591157803231,1.1971470802925
Y382,1.70931947466606,1.19283152580338
Y383,1.72434119143263,1.06735523748804
Y384,1.62071295030882,0.986600169488235
Y385,1.65369422617072,1.06295994649361
Y386,1.50365793919007,1.07386881147416
Y387,1.66051383950506,1.05837793935721
Y388,1.72076186550585,1.04554782490298
Y389,1.70546852243685,1.11036032515267
Y390,1.67002795031531,1.14781299141232
Y391,1.93506799695288,1.28964674225231
Y392,1.62370503649415,1.05775759455937
Y393,1.67472453769946,1.12550697820544
Y394,1.91967047138915,1.41923559687852
Y395,1.48896120806901,1.01265530080777
Y396,1.94166867763679,1.32932449771721
Y397,1.6283149501799,1.11324301274732
Y398,1.58169341628973,1.03478620553729
Y400,1.57682225011561,1.04098285645087
Y401,1.65684430804167,1.13264695374394
Y402,1.53071144037157,0.988496754246022
Y403,1.63231092461494,1.02631240891298
Y404,1.61626491780084,0.971662793669221
Y405,1.67897602865754,1.12501552663518
Y406,1.72481614632598,1.18330308436967
Y407,1.66944942727606,1.12312983324082
Y408,1.69846669542156,1.11422252756181
Y409,1.69815212505377,1.09300131789156
Y410,1.70181661373896,1.11612109689657
Y411,1.55116014214471,1.08370592477131
Y412,1.62078682893549,1.0089041961262
Y414,1.51817210033906,1.02813873913794
Y415,1.42418545784345,0.929020840603994
Y416,1.70885213992682,1.0905449502014
Y417,1.64823359889657,1.01986816358876
Y419,1.80667279196122,1.10141025749467
Y420,1.65498256939453,1.07736623339435
Y421,1.55365365822276,1.02366582473815
Y423,1.68989743320637,1.07156042700141
Y424,1.57129496753164,1.02134808811358
Y425,1.78339317319407,1.16488377389975
Y426,1.63181035618793,0.950804695208482
Y427,1.76342465708962,1.1788659055441
Y428,1.67236943190593,1.16337752154375
Y429,1.60412551438275,0.966382538649765
Y430,1.70571779590278,1.22935017258493
Y431,1.60918250232307,1.19646215317112
Y432,1.70092179826129,1.04675708992457
Y434,1.72503289272618,1.11602370884773
Y435,1.8627249308722,1.17469419546826
Y436,1.47563991781518,1.02141250836355
Y437,1.76704599213094,1.22112254539576
Y438,1.59495643245666,0.993343910781585
Y439,1.56945658269673,1.11712828703584
Y440,1.70661734065966,1.07675391460086
Y441,1.6608172735882,1.10256808849919
Y442,1.63392926888119,1.03002842391945
Y443,1.75945538834195,1.17041402822971
Y444,1.60357541834999,1.06139505222784
Y445,1.70404173041447,1.03494762534151
Y446,1.61830256629467,1.18028345879471
Y449,2.0074524683712,1.16614519981818
Y450,1.49722210284487,1.02816782022249
Y451,1.93608066523492,1.29343799835735
Y452,1.67538720443466,1.08270530147532
Y453,1.62089578027992,1.14226515860191
Y454,1.66688838013705,1.08460385990355
Y455,1.64425622313421,1.12421014110482
Y399,NA,0.671160180618345
